ano,partido,turno,total
2014,PSDB,Turno 2,48.30903421274132
2014,PT,Turno 2,51.69096578725868
