ano,total
1989,46.965723888184556
2002,61.27140445711316
1994,27.039715317377013
1998,31.713203236575392
